case_no,x,y,y0,outcome
1,30,22,8,NoGoal
2,27,27,3,NoGoal
3,20,44,14,NoGoal
4,21,37,7,NoGoal
5,16,26,4,NoGoal
6,8,29,1,NoGoal
7,14,24,6,NoGoal
8,21,28,2,NoGoal
9,16,40,10,NoGoal
10,3,13,17,NoGoal
11,27,30,0,NoGoal
12,16,23,7,NoGoal
13,9,38,8,NoGoal
14,14,41,11,NoGoal
15,19,30,0,NoGoal
16,11,26,4,NoGoal
17,33,37,7,NoGoal
18,13,32,2,NoGoal
19,7,25,5,NoGoal
20,25,37,7,NoGoal
21,22,25,5,NoGoal
22,17,21,9,NoGoal
23,10,31,1,NoGoal
24,31,36,6,NoGoal
25,14,41,11,NoGoal
26,18,31,1,NoGoal
27,11,32,2,NoGoal
28,13,21,9,NoGoal
29,29,29,1,NoGoal
30,9,17,13,NoGoal
31,6,33,3,NoGoal
32,22,19,11,NoGoal
33,5,44,14,NoGoal
34,24,32,2,NoGoal
35,30,26,4,NoGoal
36,15,37,7,NoGoal
37,18,42,12,NoGoal
38,15,31,1,NoGoal
39,19,28,2,NoGoal
40,15,36,6,NoGoal
41,22,29,1,NoGoal
42,12,40,10,NoGoal
43,27,35,5,NoGoal
44,19,41,11,NoGoal
45,6,11,19,NoGoal
46,19,14,16,NoGoal
47,24,37,7,NoGoal
48,13,22,8,NoGoal
49,18,45,15,NoGoal
50,15,26,4,NoGoal
51,33,18,12,NoGoal
52,18,26,4,NoGoal
53,16,34,4,NoGoal
54,5,26,4,NoGoal
55,8,21,9,NoGoal
56,26,19,11,NoGoal
57,8,31,1,NoGoal
58,25,22,8,NoGoal
59,16,28,2,NoGoal
60,27,31,1,NoGoal
61,21,31,1,NoGoal
62,13,41,11,NoGoal
63,19,40,10,NoGoal
64,2,38,8,NoGoal
65,17,44,14,NoGoal
66,6,35,5,NoGoal
67,15,32,2,NoGoal
68,12,47,17,NoGoal
69,23,28,2,NoGoal
70,14,25,5,NoGoal
71,5,39,9,NoGoal
72,8,18,12,NoGoal
73,27,30,0,NoGoal
74,15,37,7,NoGoal
75,9,14,16,NoGoal
76,30,33,3,NoGoal
77,16,28,2,NoGoal
78,10,19,11,NoGoal
79,9,36,6,NoGoal
80,25,34,4,NoGoal
81,14,22,8,NoGoal
82,8,11,19,NoGoal
83,11,19,11,NoGoal
84,22,30,0,NoGoal
85,16,33,3,NoGoal
86,14,28,2,NoGoal
87,14,34,4,NoGoal
88,13,38,8,NoGoal
89,34,22,8,NoGoal
90,17,26,4,NoGoal
91,22,36,6,NoGoal
92,8,28,2,NoGoal
93,20,25,5,NoGoal
94,16,30,0,NoGoal
95,18,31,1,NoGoal
96,13,23,7,NoGoal
97,12,34,4,Goal
98,18,33,3,NoGoal
99,1,33,3,Goal
100,7,25,5,Goal
101,9,37,7,NoGoal
102,6,44,14,NoGoal
103,20,29,1,NoGoal
104,20,30,0,Goal
105,13,23,7,Goal
106,2,29,1,Goal
107,26,26,4,Goal
108,12,32,2,Goal
109,7,29,1,NoGoal
110,17,24,6,Goal
111,4,35,5,NoGoal
112,8,32,2,NoGoal
113,15,27,3,Goal
114,17,29,1,Goal
115,7,36,6,Goal
116,11,39,9,NoGoal
117,22,35,5,Goal
118,22,37,7,NoGoal
119,8,34,4,Goal
120,23,29,1,NoGoal
121,15,45,15,NoGoal
122,9,28,2,NoGoal
123,17,30,0,Goal
124,12,31,1,Goal
125,14,12,18,NoGoal
126,12,28,2,Goal
127,8,37,7,NoGoal
128,12,32,2,Goal
129,17,33,3,NoGoal
130,5,39,9,NoGoal
131,16,35,5,NoGoal
132,31,30,0,NoGoal
133,6,18,12,Goal
134,10,28,2,Goal
135,28,20,10,NoGoal
136,5,39,9,Goal
137,11,29,1,Goal
138,16,39,9,NoGoal
139,18,29,1,NoGoal
140,23,36,6,NoGoal
141,16,15,15,NoGoal
142,9,32,2,Goal
143,18,17,13,NoGoal
144,15,46,16,NoGoal
145,19,28,2,Goal
146,28,40,10,NoGoal
147,18,17,13,NoGoal
148,7,32,2,Goal
149,12,35,5,Goal
150,5,26,4,NoGoal
151,3,43,13,NoGoal
152,20,30,0,Goal
153,20,37,7,NoGoal
154,25,28,2,NoGoal
155,13,28,2,Goal
156,16,17,13,NoGoal
157,6,29,1,Goal
158,20,17,13,NoGoal
159,8,15,15,NoGoal
160,5,22,8,Goal
161,22,27,3,Goal
162,18,30,0,NoGoal
163,4,32,2,Goal
164,26,26,4,NoGoal
165,16,36,6,Goal
166,11,29,1,NoGoal
167,24,36,6,NoGoal
168,15,35,5,NoGoal
169,9,34,4,Goal
170,30,29,1,Goal
171,8,32,2,Goal
172,12,28,2,Goal
173,14,33,3,Goal
174,24,23,7,NoGoal
175,4,21,9,Goal
176,9,24,6,Goal
177,9,23,7,Goal
178,5,41,11,NoGoal
179,13,30,0,NoGoal
180,9,27,3,Goal
181,9,25,5,NoGoal
182,19,29,1,NoGoal
183,16,32,2,NoGoal
184,20,29,1,NoGoal
185,12,21,9,NoGoal
186,26,32,2,NoGoal
187,10,27,3,Goal
188,20,44,14,NoGoal
189,16,27,3,NoGoal
190,16,28,2,Goal
191,18,25,5,Goal
192,10,22,8,NoGoal
193,25,17,13,NoGoal
194,1,31,1,Goal
195,13,33,3,NoGoal
196,18,37,7,NoGoal
197,2,29,1,Goal
198,15,32,2,Goal
199,26,25,5,NoGoal
200,19,31,1,NoGoal
201,6,8,22,NoGoal
202,8,32,2,NoGoal
203,9,21,9,Goal
204,19,32,2,NoGoal
205,10,25,5,NoGoal
206,16,19,11,NoGoal
207,9,19,11,NoGoal
208,14,36,6,Goal
209,19,39,9,NoGoal
210,11,30,0,Goal
211,9,29,1,NoGoal
212,4,38,8,NoGoal
213,14,36,6,Goal
214,2,20,10,NoGoal
215,11,34,4,Goal
216,25,38,8,NoGoal
217,20,31,1,NoGoal
218,18,22,8,Goal
219,12,29,1,Goal
220,16,25,5,NoGoal
221,6,29,1,Goal
222,21,34,4,Goal
223,15,40,10,Goal
224,6,29,1,Goal
225,23,29,1,NoGoal
226,9,29,1,Goal
227,14,21,9,NoGoal
228,13,37,7,Goal
229,12,35,5,Goal
230,19,22,8,NoGoal
231,4,27,3,Goal
232,16,17,13,NoGoal
233,12,35,5,Goal
234,21,30,0,NoGoal
235,15,37,7,Goal
236,17,37,7,Goal
237,6,41,11,Goal
238,22,17,13,NoGoal
239,12,29,1,NoGoal
240,1,28,2,Goal
241,7,27,3,Goal
242,10,14,16,NoGoal
243,14,26,4,NoGoal
244,22,18,12,NoGoal
245,9,25,5,Goal
246,23,28,2,Goal
247,16,27,3,Goal
248,27,20,10,NoGoal
249,6,34,4,Goal
250,8,30,0,Goal
251,4,25,5,Goal
252,9,29,1,Goal
253,12,23,7,NoGoal
254,15,19,11,Goal
255,12,23,7,Goal
256,16,23,7,NoGoal
257,15,21,9,Goal
258,12,32,2,Goal
259,15,28,2,Goal
260,13,16,14,NoGoal
261,10,13,17,NoGoal
262,22,41,11,NoGoal
263,25,40,10,NoGoal
264,3,27,3,Goal
265,11,35,5,Goal
266,3,26,4,Goal
267,20,27,3,Goal
268,6,25,5,Goal
269,12,34,4,Goal
270,14,22,8,NoGoal
271,10,25,5,Goal
272,16,35,5,Goal
273,6,38,8,NoGoal
274,2,31,1,Goal
275,17,22,8,NoGoal
276,19,38,8,Goal
277,22,28,2,NoGoal
278,14,28,2,NoGoal
279,21,15,15,NoGoal
280,25,42,12,NoGoal
281,1,34,4,Goal
282,8,32,2,Goal
283,13,23,7,Goal
284,9,32,2,Goal
285,25,33,3,Goal
286,18,29,1,Goal
287,20,38,8,NoGoal
288,5,29,1,Goal
289,8,31,1,Goal
290,14,22,8,NoGoal
291,11,21,9,NoGoal
292,16,34,4,Goal
293,19,24,6,Goal
294,32,29,1,Goal
295,13,34,4,NoGoal
296,23,35,5,NoGoal
297,8,32,2,Goal
298,26,28,2,NoGoal
299,2,27,3,NoGoal
300,15,34,4,NoGoal
301,21,39,9,Goal
302,2,28,2,Goal
303,13,31,1,Goal
304,11,23,7,NoGoal
305,14,30,0,Goal
306,22,32,2,Goal
307,22,35,5,NoGoal
308,15,31,1,NoGoal
309,13,40,10,NoGoal
310,13,33,3,Goal
311,16,24,6,NoGoal
312,6,24,6,NoGoal
313,36,40,10,NoGoal
314,6,31,1,Goal
315,19,13,17,NoGoal
316,10,31,1,NoGoal
317,18,12,18,NoGoal
318,18,18,12,NoGoal
319,15,27,3,Goal
320,33,28,2,NoGoal
321,14,31,1,NoGoal
322,3,29,1,Goal
323,12,30,0,NoGoal
324,12,17,13,NoGoal
325,10,27,3,Goal
326,18,34,4,Goal
327,8,28,2,Goal
328,21,29,1,NoGoal
329,10,29,1,Goal
330,17,32,2,Goal
331,27,34,4,NoGoal
332,28,30,0,NoGoal
333,17,34,4,NoGoal
334,12,30,0,Goal
335,12,30,0,Goal
336,9,27,3,Goal
337,5,32,2,Goal
338,5,28,2,Goal
339,15,32,2,Goal
340,6,40,10,Goal
341,22,44,14,NoGoal
342,14,40,10,Goal
343,21,31,1,Goal
344,20,27,3,NoGoal
345,9,37,7,NoGoal
346,9,33,3,Goal
347,8,27,3,Goal
348,18,28,2,Goal
349,15,27,3,Goal
350,22,21,9,NoGoal
351,31,36,6,NoGoal
352,25,29,1,Goal
353,16,33,3,Goal
354,24,34,4,NoGoal
355,3,32,2,Goal
356,10,29,1,NoGoal
357,5,32,2,Goal
358,20,30,0,Goal
359,16,34,4,Goal
360,16,17,13,NoGoal
361,6,28,2,NoGoal
362,22,20,10,NoGoal
363,17,24,6,Goal
364,16,29,1,Goal
365,8,30,0,NoGoal
366,6,23,7,Goal
367,16,28,2,Goal
368,1,28,2,Goal
369,22,27,3,NoGoal
370,15,31,1,NoGoal
371,4,27,3,NoGoal
372,25,27,3,Goal
373,8,29,1,Goal
374,8,27,3,NoGoal
375,3,29,1,Goal
376,23,35,5,NoGoal
377,9,23,7,NoGoal
378,16,28,2,NoGoal
379,8,15,15,NoGoal
380,4,29,1,Goal
381,25,22,8,Goal
382,15,33,3,Goal
383,15,22,8,NoGoal
384,5,32,2,Goal
385,5,35,5,Goal
386,23,25,5,NoGoal
387,11,30,0,Goal
388,14,27,3,NoGoal
389,7,30,0,Goal
390,8,30,0,Goal
391,14,23,7,NoGoal
392,22,33,3,Goal
393,15,21,9,NoGoal
394,14,31,1,Goal
395,33,32,2,NoGoal
396,23,28,2,NoGoal
397,8,30,0,Goal
398,10,26,4,Goal
399,4,31,1,Goal
400,10,28,2,Goal
401,9,24,6,Goal
402,4,30,0,Goal
403,8,29,1,Goal
404,8,26,4,Goal
405,18,33,3,Goal
406,7,31,1,Goal
407,3,21,9,Goal
408,17,44,14,NoGoal
409,12,40,10,NoGoal
410,6,25,5,Goal
411,23,17,13,NoGoal
412,12,45,15,NoGoal
413,19,28,2,NoGoal
414,11,33,3,NoGoal
415,21,29,1,Goal
416,2,23,7,Goal
417,15,22,8,NoGoal
418,25,28,2,NoGoal
419,6,31,1,NoGoal
420,18,31,1,NoGoal
421,14,30,0,NoGoal
422,8,34,4,Goal
423,6,28,2,Goal
424,31,27,3,Goal
425,14,32,2,NoGoal
426,18,35,5,Goal
427,11,21,9,NoGoal
428,14,23,7,NoGoal
429,3,29,1,NoGoal
430,16,28,2,NoGoal
431,22,42,12,NoGoal
432,22,33,3,Goal
433,13,42,12,NoGoal
434,20,35,5,Goal
435,2,36,6,NoGoal
436,9,30,0,Goal
437,6,29,1,Goal
438,17,35,5,Goal
439,5,36,6,Goal
440,15,26,4,Goal
441,18,29,1,Goal
442,23,28,2,NoGoal
443,4,49,19,NoGoal
444,9,38,8,NoGoal
445,13,29,1,Goal
446,22,27,3,Goal
447,20,2,28,NoGoal
448,18,30,0,NoGoal
449,24,29,1,Goal
450,7,34,4,Goal
451,13,19,11,NoGoal
452,12,33,3,Goal
453,5,27,3,Goal
454,7,31,1,Goal
455,8,17,13,Goal
456,9,22,8,NoGoal
457,8,38,8,Goal
458,12,34,4,Goal
459,25,14,16,NoGoal
460,11,29,1,Goal
461,22,36,6,NoGoal
462,9,33,3,Goal
463,20,23,7,NoGoal
464,19,39,9,NoGoal
465,11,32,2,Goal
466,6,25,5,NoGoal
467,15,31,1,NoGoal
468,18,30,0,Goal
469,17,28,2,NoGoal
470,19,31,1,Goal
471,5,34,4,Goal
472,21,34,4,Goal
473,15,31,1,Goal
474,22,24,6,NoGoal
475,19,30,0,Goal
476,21,24,6,Goal
477,7,32,2,Goal
478,6,24,6,Goal
479,25,38,8,NoGoal
480,9,30,0,NoGoal
481,22,22,8,NoGoal
482,11,32,2,NoGoal
483,17,46,16,NoGoal
484,2,26,4,Goal
485,10,36,6,Goal
486,12,38,8,Goal
487,19,30,0,NoGoal
488,12,29,1,Goal
489,9,17,13,NoGoal
490,23,29,1,Goal
491,1,31,1,NoGoal
492,2,31,1,NoGoal
493,30,22,8,NoGoal
494,14,46,16,NoGoal
495,8,33,3,Goal
496,9,23,7,Goal
497,19,41,11,NoGoal
498,18,28,2,NoGoal
499,34,38,8,NoGoal
500,23,32,2,NoGoal
501,10,34,4,Goal
502,5,37,7,Goal
503,16,19,11,NoGoal
504,15,30,0,NoGoal
505,5,22,8,NoGoal
506,13,31,1,NoGoal
507,2,36,6,Goal
508,19,24,6,NoGoal
509,12,30,0,Goal
510,18,28,2,Goal
511,5,28,2,Goal
512,17,22,8,Goal
513,23,29,1,Goal
514,20,25,5,NoGoal
515,13,36,6,NoGoal
516,18,32,2,Goal
517,24,12,18,NoGoal
518,10,25,5,Goal
519,9,27,3,NoGoal
520,26,24,6,NoGoal
521,23,13,17,NoGoal
522,11,21,9,NoGoal
523,25,28,2,NoGoal
524,10,38,8,Goal
525,7,21,9,Goal
526,4,31,1,Goal
527,18,32,2,Goal
528,11,36,6,NoGoal
529,9,30,0,Goal
530,14,30,0,NoGoal
531,4,29,1,NoGoal
532,17,30,0,Goal
533,6,29,1,Goal
534,2,34,4,Goal
535,13,31,1,NoGoal
536,6,30,0,Goal
537,10,32,2,NoGoal
538,8,34,4,Goal
539,8,30,0,Goal
540,12,27,3,NoGoal
541,11,33,3,Goal
542,17,23,7,NoGoal
543,6,24,6,Goal
544,22,43,13,NoGoal
545,19,31,1,NoGoal
546,3,28,2,Goal
547,13,28,2,Goal
548,21,26,4,Goal
549,14,33,3,NoGoal
550,3,26,4,NoGoal
551,18,27,3,Goal
552,19,41,11,NoGoal
553,15,29,1,NoGoal
554,11,32,2,Goal
555,8,19,11,NoGoal
556,16,23,7,NoGoal
557,13,39,9,NoGoal
558,18,25,5,NoGoal
559,28,30,0,NoGoal
560,36,37,7,NoGoal
561,20,42,12,NoGoal
562,7,42,12,NoGoal
563,5,40,10,NoGoal
564,6,25,5,NoGoal
565,17,19,11,Goal
566,14,33,3,NoGoal
567,20,29,1,NoGoal
568,4,27,3,Goal
569,27,30,0,NoGoal
570,23,35,5,NoGoal
571,20,28,2,NoGoal
572,21,29,1,NoGoal
573,17,29,1,Goal
574,4,32,2,Goal
575,15,38,8,NoGoal
576,17,32,2,Goal
577,3,28,2,Goal
578,17,31,1,Goal
579,3,27,3,Goal
580,7,32,2,NoGoal
581,17,34,4,Goal
582,5,16,14,NoGoal
583,5,28,2,Goal
584,33,24,6,Goal
585,15,31,1,Goal
586,13,35,5,NoGoal
587,1,36,6,Goal
588,26,24,6,NoGoal
589,7,29,1,Goal
590,5,37,7,NoGoal
591,9,29,1,Goal
592,16,28,2,Goal
593,7,33,3,Goal
594,3,16,14,NoGoal
595,9,34,4,Goal
596,16,28,2,NoGoal
597,6,27,3,NoGoal
598,4,22,8,Goal
599,17,31,1,NoGoal
600,3,31,1,Goal
601,7,23,7,NoGoal
602,7,36,6,Goal
603,17,30,0,NoGoal
604,17,34,4,NoGoal
605,8,31,1,NoGoal
606,6,48,18,NoGoal
607,9,21,9,NoGoal
608,35,23,7,NoGoal
609,11,30,0,NoGoal
610,20,20,10,NoGoal
611,14,33,3,Goal
612,12,29,1,Goal
613,9,29,1,Goal
614,2,29,1,Goal
615,15,45,15,NoGoal
616,11,36,6,Goal
617,19,22,8,NoGoal
618,2,27,3,Goal
619,5,34,4,Goal
620,3,30,0,Goal
621,15,30,0,Goal
622,2,25,5,Goal
623,22,25,5,NoGoal
624,16,29,1,NoGoal
625,23,36,6,NoGoal
626,14,28,2,Goal
627,17,37,7,Goal
628,9,41,11,Goal
629,12,30,0,Goal
630,14,27,3,Goal
631,17,33,3,Goal
632,22,32,2,NoGoal
633,13,31,1,NoGoal
634,11,44,14,NoGoal
635,13,24,6,Goal
636,24,38,8,NoGoal
637,4,30,0,Goal
638,21,41,11,NoGoal
639,15,28,2,NoGoal
640,20,30,0,Goal
641,16,34,4,NoGoal
642,13,32,2,Goal
643,12,31,1,NoGoal
644,19,33,3,Goal
645,16,42,12,NoGoal
646,19,30,0,Goal
647,16,29,1,Goal
648,21,29,1,NoGoal
649,16,26,4,NoGoal
650,13,16,14,Goal
651,16,28,2,Goal
652,8,28,2,NoGoal
653,14,29,1,NoGoal
654,20,30,0,NoGoal
655,11,20,10,Goal
656,13,31,1,NoGoal
657,10,37,7,Goal
658,5,26,4,Goal
659,17,29,1,Goal
660,14,27,3,Goal
661,11,32,2,NoGoal
662,12,31,1,Goal
663,19,33,3,NoGoal
664,10,28,2,NoGoal
665,28,33,3,NoGoal
666,32,22,8,NoGoal
667,5,30,0,NoGoal
668,15,40,10,NoGoal
669,3,24,6,Goal
670,32,25,5,NoGoal
671,12,33,3,NoGoal
672,15,9,21,NoGoal
673,13,20,10,NoGoal
674,23,30,0,NoGoal
675,8,34,4,NoGoal
676,19,47,17,NoGoal
677,13,34,4,NoGoal
678,12,31,1,NoGoal
679,1,20,10,Goal
680,15,25,5,Goal
681,14,27,3,NoGoal
682,9,35,5,NoGoal
683,8,25,5,Goal
684,22,19,11,NoGoal
685,1,29,1,Goal
686,15,39,9,NoGoal
687,27,23,7,NoGoal
688,5,30,0,Goal
689,5,38,8,NoGoal
690,9,28,2,NoGoal
691,16,31,1,Goal
692,21,28,2,Goal
693,6,34,4,NoGoal
694,15,39,9,Goal
695,14,30,0,Goal
696,20,37,7,NoGoal
697,12,20,10,NoGoal
698,8,35,5,Goal
699,20,36,6,Goal
700,3,31,1,Goal
701,5,33,3,Goal
702,3,28,2,Goal
703,18,34,4,NoGoal
704,6,26,4,Goal
705,21,29,1,NoGoal
706,3,28,2,Goal
707,16,29,1,Goal
708,10,37,7,NoGoal
709,11,33,3,Goal
710,7,13,17,NoGoal
711,24,25,5,NoGoal
712,11,38,8,NoGoal
713,7,29,1,Goal
714,25,37,7,NoGoal
715,20,34,4,NoGoal
716,4,31,1,Goal
717,13,16,14,NoGoal
718,13,31,1,NoGoal
719,21,38,8,NoGoal
720,19,38,8,NoGoal
721,7,32,2,Goal
722,19,23,7,Goal
723,4,39,9,NoGoal
724,7,31,1,Goal
725,9,30,0,Goal
726,9,30,0,Goal
727,14,9,21,NoGoal
728,19,37,7,NoGoal
729,14,32,2,NoGoal
730,9,26,4,Goal
731,16,26,4,NoGoal
732,11,27,3,Goal
733,11,26,4,Goal
734,6,27,3,NoGoal
735,21,35,5,NoGoal
736,14,30,0,Goal
737,16,26,4,NoGoal
738,16,24,6,NoGoal
739,9,35,5,NoGoal
740,13,31,1,Goal
741,13,30,0,NoGoal
742,19,26,4,Goal
743,14,20,10,Goal
744,18,31,1,Goal
745,23,25,5,Goal
746,11,31,1,NoGoal
747,13,25,5,Goal
748,10,30,0,NoGoal
749,19,24,6,Goal
750,10,25,5,Goal
751,3,39,9,NoGoal
752,5,26,4,Goal
753,14,28,2,Goal
754,10,26,4,Goal
755,16,27,3,Goal
756,7,38,8,NoGoal
757,4,30,0,Goal
758,4,28,2,NoGoal
759,6,33,3,NoGoal
760,13,34,4,NoGoal
761,7,36,6,Goal
762,33,36,6,NoGoal
763,18,34,4,Goal
764,19,32,2,Goal
765,17,29,1,NoGoal
766,8,27,3,Goal
767,12,34,4,NoGoal
768,14,25,5,NoGoal
769,11,32,2,Goal
770,29,42,12,NoGoal
771,15,31,1,Goal
772,5,26,4,Goal
773,11,34,4,NoGoal
774,35,43,13,NoGoal
775,20,30,0,Goal
776,19,26,4,Goal
777,25,28,2,NoGoal
778,13,30,0,Goal
779,12,28,2,Goal
780,21,39,9,NoGoal
781,21,34,4,Goal
782,10,35,5,Goal
783,26,28,2,Goal
784,18,28,2,Goal
785,17,37,7,Goal
786,29,25,5,Goal
787,7,35,5,Goal
788,18,27,3,Goal
789,17,27,3,NoGoal
790,13,37,7,Goal
791,14,34,4,Goal
792,10,28,2,Goal
793,5,30,0,NoGoal
794,11,29,1,Goal
795,14,34,4,Goal
796,17,26,4,Goal
797,18,24,6,NoGoal
798,6,31,1,Goal
799,18,33,3,NoGoal
800,7,28,2,NoGoal
801,12,32,2,Goal
802,17,33,3,NoGoal
803,13,20,10,NoGoal
804,15,41,11,NoGoal
805,3,27,3,Goal
806,15,25,5,Goal
807,14,43,13,NoGoal
808,14,35,5,Goal
809,14,30,0,Goal
810,7,26,4,Goal
811,20,29,1,NoGoal
812,29,25,5,NoGoal
813,17,35,5,NoGoal
814,14,43,13,NoGoal
815,15,27,3,Goal
816,14,41,11,NoGoal
817,24,23,7,NoGoal
818,2,26,4,Goal
819,8,27,3,NoGoal
820,17,34,4,Goal
821,17,34,4,Goal
822,14,29,1,Goal
823,9,27,3,Goal
824,2,36,6,Goal
825,15,25,5,Goal
826,9,36,6,Goal
827,24,38,8,NoGoal
828,18,37,7,NoGoal
829,12,24,6,Goal
830,20,46,16,NoGoal
831,30,31,1,NoGoal
832,26,35,5,NoGoal
833,9,33,3,NoGoal
834,14,34,4,Goal
835,11,25,5,Goal
836,16,39,9,Goal
837,18,24,6,NoGoal
838,7,26,4,Goal
839,25,35,5,Goal
840,31,28,2,NoGoal
841,24,5,25,NoGoal
842,12,38,8,Goal
843,26,34,4,Goal
844,9,25,5,NoGoal
845,17,15,15,NoGoal
846,19,33,3,Goal
847,20,28,2,Goal
848,14,27,3,NoGoal
849,26,34,4,NoGoal
850,5,28,2,Goal
851,22,32,2,Goal
852,15,27,3,Goal
853,13,34,4,NoGoal
854,10,33,3,Goal
855,13,42,12,NoGoal
856,26,30,0,Goal
857,12,24,6,NoGoal
858,8,42,12,NoGoal
859,2,41,11,NoGoal
860,7,33,3,Goal
861,7,31,1,Goal
862,7,30,0,Goal
863,2,29,1,Goal
864,16,29,1,NoGoal
865,19,28,2,NoGoal
866,10,38,8,NoGoal
867,15,45,15,NoGoal
868,14,39,9,Goal
869,5,27,3,Goal
870,6,28,2,Goal
871,7,30,0,Goal
872,5,28,2,Goal
873,7,30,0,Goal
874,16,37,7,NoGoal
875,25,19,11,NoGoal
876,16,45,15,NoGoal
877,22,23,7,NoGoal
878,19,27,3,Goal
879,12,21,9,NoGoal
880,4,30,0,NoGoal
881,11,36,6,Goal
882,5,28,2,Goal
883,15,18,12,NoGoal
884,7,25,5,NoGoal
885,23,30,0,NoGoal
886,15,21,9,NoGoal
887,15,20,10,NoGoal
888,8,33,3,Goal
889,2,30,0,NoGoal
890,21,28,2,NoGoal
891,6,27,3,NoGoal
892,7,36,6,Goal
893,14,33,3,NoGoal
894,23,24,6,NoGoal
895,9,26,4,Goal
896,9,27,3,Goal
897,1,25,5,Goal
898,16,34,4,Goal
899,13,21,9,Goal
900,3,30,0,Goal
901,12,40,10,Goal
902,9,29,1,Goal
903,15,21,9,NoGoal
904,8,27,3,Goal
905,12,34,4,Goal
906,16,27,3,Goal
907,7,36,6,Goal
908,11,33,3,NoGoal
909,18,28,2,Goal
910,17,37,7,Goal
911,13,34,4,NoGoal
912,16,15,15,NoGoal
913,23,40,10,NoGoal
914,12,28,2,Goal
915,24,34,4,NoGoal
916,21,18,12,NoGoal
917,9,22,8,Goal
918,16,28,2,NoGoal
919,23,32,2,NoGoal
920,10,28,2,Goal
921,15,33,3,Goal
922,21,42,12,NoGoal
923,16,36,6,Goal
924,7,26,4,Goal
925,18,34,4,Goal
926,8,31,1,NoGoal
927,6,37,7,Goal
928,15,26,4,NoGoal
929,18,12,18,NoGoal
930,7,30,0,Goal
931,14,27,3,NoGoal
932,9,34,4,Goal
933,18,38,8,NoGoal
934,18,40,10,NoGoal
935,13,35,5,NoGoal
936,23,49,19,NoGoal
937,35,26,4,NoGoal
938,3,34,4,Goal
939,11,27,3,Goal
940,27,27,3,Goal
941,16,35,5,NoGoal
942,21,24,6,NoGoal
943,31,45,15,NoGoal
944,10,28,2,NoGoal
945,14,18,12,NoGoal
946,13,33,3,Goal
947,6,34,4,Goal
948,21,31,1,Goal
949,19,25,5,Goal
950,4,27,3,Goal
951,15,30,0,Goal
952,17,32,2,Goal
953,17,33,3,Goal
954,17,26,4,Goal
955,14,31,1,Goal
956,18,23,7,NoGoal
957,16,20,10,NoGoal
958,13,31,1,Goal
959,22,33,3,Goal
960,11,29,1,Goal
961,11,38,8,Goal
962,20,39,9,NoGoal
963,17,30,0,Goal
964,6,25,5,Goal
965,8,29,1,Goal
966,2,25,5,Goal
967,1,33,3,Goal
968,7,21,9,NoGoal
969,17,29,1,NoGoal
970,13,37,7,NoGoal
971,22,34,4,Goal
972,8,25,5,Goal
973,3,16,14,NoGoal
974,16,24,6,NoGoal
975,6,33,3,Goal
976,16,36,6,NoGoal
977,12,30,0,NoGoal
978,19,34,4,Goal
979,14,29,1,Goal
980,19,31,1,Goal
981,13,23,7,Goal
982,20,32,2,NoGoal
983,4,29,1,NoGoal
984,2,32,2,Goal
985,22,33,3,Goal
986,1,28,2,NoGoal
987,7,25,5,Goal
988,6,27,3,Goal
989,2,28,2,Goal
990,23,36,6,Goal
991,23,31,1,NoGoal
992,8,20,10,NoGoal
993,7,26,4,Goal
994,15,45,15,NoGoal
995,5,24,6,Goal
996,20,31,1,Goal
997,28,21,9,NoGoal
998,24,30,0,Goal
999,21,28,2,Goal
1000,15,19,11,Goal
1001,25,25,5,NoGoal
1002,25,37,7,NoGoal
1003,2,27,3,NoGoal
1004,2,37,7,Goal
1005,7,38,8,Goal
1006,29,25,5,NoGoal
1007,9,37,7,Goal
1008,9,43,13,NoGoal
1009,22,30,0,NoGoal
1010,21,42,12,NoGoal
1011,13,25,5,NoGoal
1012,12,32,2,Goal
1013,27,37,7,Goal
1014,19,24,6,NoGoal
1015,14,34,4,Goal
1016,3,25,5,Goal
1017,16,29,1,NoGoal
1018,10,32,2,Goal
1019,14,28,2,NoGoal
1020,21,34,4,Goal
1021,22,29,1,Goal
1022,10,29,1,NoGoal
1023,16,30,0,NoGoal
1024,5,34,4,NoGoal
1025,9,27,3,Goal
1026,18,29,1,Goal
1027,19,36,6,NoGoal
1028,8,21,9,NoGoal
1029,27,33,3,Goal
1030,16,38,8,Goal
1031,20,42,12,NoGoal
1032,27,34,4,NoGoal
1033,6,28,2,Goal
1034,11,29,1,NoGoal
1035,11,31,1,Goal
1036,3,28,2,Goal
1037,23,32,2,NoGoal
1038,16,35,5,Goal
1039,15,36,6,Goal
1040,13,30,0,Goal
1041,23,26,4,NoGoal
1042,4,30,0,Goal
1043,6,29,1,Goal
1044,14,35,5,NoGoal
1045,13,38,8,NoGoal
1046,16,26,4,Goal
1047,9,34,4,Goal
1048,13,26,4,NoGoal
1049,19,42,12,NoGoal
1050,12,25,5,NoGoal
1051,6,34,4,Goal
1052,11,34,4,Goal
1053,18,26,4,NoGoal
1054,10,34,4,NoGoal
1055,18,25,5,NoGoal
1056,5,34,4,NoGoal
1057,17,30,0,Goal
1058,9,25,5,Goal
1059,23,30,0,Goal
1060,18,26,4,NoGoal
1061,32,23,7,NoGoal
1062,6,29,1,NoGoal
1063,6,30,0,NoGoal
1064,5,38,8,NoGoal
1065,7,26,4,NoGoal
1066,13,30,0,Goal
1067,19,32,2,NoGoal
1068,16,38,8,NoGoal
1069,22,26,4,Goal
1070,10,25,5,Goal
1071,14,30,0,Goal
1072,16,22,8,NoGoal
1073,5,26,4,Goal
1074,12,33,3,Goal
1075,25,11,19,NoGoal
1076,17,26,4,NoGoal
1077,26,29,1,Goal
1078,19,29,1,NoGoal
1079,11,26,4,Goal
1080,24,48,18,NoGoal
1081,23,24,6,NoGoal
1082,26,23,7,NoGoal
1083,21,41,11,NoGoal
1084,21,24,6,NoGoal
1085,14,25,5,NoGoal
1086,3,31,1,Goal
1087,14,28,2,Goal
1088,13,33,3,NoGoal
1089,11,24,6,NoGoal
1090,34,23,7,NoGoal
1091,6,30,0,Goal
1092,18,39,9,NoGoal
1093,20,26,4,Goal
1094,24,27,3,NoGoal
1095,6,30,0,Goal
1096,7,26,4,Goal
1097,10,28,2,Goal
1098,9,29,1,NoGoal
1099,17,32,2,Goal
1100,7,32,2,Goal
1101,6,33,3,Goal
1102,12,30,0,Goal
1103,9,38,8,Goal
1104,13,28,2,Goal
1105,7,23,7,Goal
1106,16,32,2,NoGoal
1107,9,29,1,NoGoal
1108,14,27,3,Goal
1109,22,40,10,NoGoal
1110,6,35,5,Goal
1111,10,23,7,Goal
1112,9,34,4,NoGoal
1113,25,18,12,NoGoal
1114,26,26,4,NoGoal
1115,10,28,2,Goal
1116,11,37,7,Goal
1117,28,36,6,NoGoal
1118,2,29,1,Goal
1119,10,35,5,NoGoal
1120,12,24,6,Goal
1121,13,30,0,NoGoal
1122,29,25,5,NoGoal
1123,9,36,6,Goal
1124,5,30,0,Goal
1125,8,34,4,NoGoal
1126,7,22,8,NoGoal
1127,16,31,1,Goal
1128,11,28,2,Goal
1129,14,28,2,Goal
1130,21,36,6,NoGoal
1131,5,24,6,Goal
1132,13,24,6,Goal
1133,15,24,6,NoGoal
1134,6,30,0,Goal
1135,14,27,3,NoGoal
1136,4,32,2,Goal
1137,5,19,11,NoGoal
1138,1,27,3,Goal
1139,10,39,9,NoGoal
1140,6,31,1,NoGoal
1141,26,28,2,NoGoal
1142,1,25,5,Goal
1143,5,32,2,Goal
1144,26,36,6,NoGoal
1145,19,31,1,Goal
1146,11,22,8,Goal
1147,19,20,10,NoGoal
1148,5,26,4,NoGoal
1149,17,31,1,NoGoal
1150,5,47,17,NoGoal
1151,5,30,0,Goal
1152,19,34,4,Goal
1153,7,30,0,Goal
1154,22,25,5,Goal
1155,10,29,1,Goal
1156,18,27,3,NoGoal
1157,20,32,2,Goal
1158,12,6,24,NoGoal
1159,2,24,6,Goal
1160,22,20,10,NoGoal
1161,11,24,6,NoGoal
1162,22,23,7,NoGoal
1163,33,5,25,NoGoal
1164,15,21,9,NoGoal
1165,15,25,5,Goal
1166,23,22,8,NoGoal
1167,18,25,5,NoGoal
1168,16,39,9,NoGoal
1169,20,38,8,NoGoal
1170,5,19,11,NoGoal
1171,30,45,15,NoGoal
1172,24,47,17,NoGoal
1173,5,36,6,Goal
1174,15,34,4,NoGoal
1175,5,26,4,Goal
1176,19,35,5,NoGoal
1177,19,33,3,NoGoal
1178,10,40,10,Goal
1179,15,29,1,NoGoal
1180,23,24,6,Goal
1181,3,29,1,Goal
1182,25,28,2,NoGoal
1183,14,34,4,NoGoal
1184,9,35,5,Goal
1185,2,38,8,NoGoal
1186,6,23,7,Goal
1187,18,31,1,Goal
1188,5,24,6,NoGoal
1189,3,31,1,Goal
1190,32,24,6,NoGoal
1191,8,35,5,Goal
1192,12,32,2,NoGoal
1193,14,31,1,Goal
1194,6,33,3,Goal
1195,11,27,3,Goal
1196,12,34,4,Goal
1197,25,22,8,Goal
1198,15,32,2,Goal
1199,21,30,0,Goal
1200,12,24,6,NoGoal
1201,5,28,2,Goal
1202,6,33,3,Goal
1203,6,33,3,Goal
1204,25,42,12,NoGoal
1205,18,22,8,NoGoal
1206,11,32,2,Goal
1207,12,31,1,Goal
1208,12,14,16,NoGoal
1209,31,31,1,NoGoal
1210,13,45,15,NoGoal
1211,24,23,7,NoGoal
1212,13,27,3,Goal
1213,4,28,2,Goal
1214,24,30,0,NoGoal
1215,16,29,1,Goal
1216,8,30,0,NoGoal
1217,11,25,5,NoGoal
1218,37,14,16,NoGoal
1219,17,27,3,NoGoal
1220,21,36,6,NoGoal
1221,4,32,2,Goal
1222,10,50,20,NoGoal
1223,14,18,12,NoGoal
1224,5,29,1,Goal
1225,15,29,1,NoGoal
1226,23,20,10,NoGoal
1227,7,25,5,NoGoal
1228,14,35,5,NoGoal
1229,18,33,3,Goal
1230,13,31,1,NoGoal
1231,18,27,3,Goal
1232,11,9,21,NoGoal
1233,33,27,3,NoGoal
1234,14,32,2,NoGoal
1235,20,33,3,Goal
1236,15,28,2,Goal
1237,13,43,13,NoGoal
1238,4,27,3,Goal
1239,15,30,0,Goal
1240,9,20,10,NoGoal
1241,14,27,3,NoGoal
1242,9,26,4,NoGoal
1243,15,33,3,NoGoal
1244,11,33,3,Goal
1245,9,35,5,Goal
1246,15,39,9,Goal
1247,14,13,17,NoGoal
1248,10,33,3,Goal
1249,26,28,2,Goal
1250,12,22,8,Goal
1251,13,30,0,NoGoal
1252,13,36,6,NoGoal
1253,27,33,3,NoGoal
1254,8,31,1,Goal
1255,30,19,11,NoGoal
1256,16,18,12,NoGoal
1257,13,31,1,Goal
1258,19,29,1,Goal
1259,8,44,14,NoGoal
1260,17,31,1,Goal
1261,3,29,1,Goal
1262,7,26,4,Goal
1263,15,32,2,NoGoal
1264,11,33,3,NoGoal
1265,4,29,1,NoGoal
1266,13,28,2,NoGoal
1267,12,29,1,Goal
1268,9,28,2,Goal
1269,19,37,7,NoGoal
1270,13,34,4,Goal
1271,13,34,4,NoGoal
1272,24,26,4,NoGoal
1273,13,27,3,NoGoal
1274,20,34,4,NoGoal
1275,15,22,8,NoGoal
1276,21,22,8,NoGoal
1277,4,33,3,Goal
1278,14,32,2,Goal
1279,24,17,13,NoGoal
1280,5,27,3,Goal
1281,22,23,7,NoGoal
1282,14,26,4,NoGoal
1283,10,32,2,Goal
1284,16,33,3,Goal
1285,26,23,7,NoGoal
1286,20,31,1,Goal
1287,9,24,6,NoGoal
1288,29,19,11,NoGoal
1289,13,25,5,Goal
1290,16,29,1,NoGoal
1291,20,22,8,NoGoal
1292,27,31,1,NoGoal
1293,9,26,4,Goal
1294,14,29,1,Goal
1295,17,34,4,NoGoal
1296,8,29,1,Goal
1297,13,38,8,Goal
1298,23,30,0,Goal
1299,9,19,11,Goal
1300,28,31,1,NoGoal
1301,6,33,3,Goal
1302,18,30,0,Goal
1303,9,28,2,Goal
1304,9,33,3,Goal
1305,2,21,9,Goal
1306,29,15,15,NoGoal
1307,16,23,7,NoGoal
1308,13,28,2,Goal
1309,16,28,2,NoGoal
1310,22,15,15,NoGoal
1311,6,30,0,Goal
1312,17,26,4,NoGoal
1313,24,29,1,NoGoal
1314,19,40,10,NoGoal
1315,16,33,3,Goal
1316,18,48,18,NoGoal
1317,9,33,3,NoGoal
1318,16,24,6,Goal
1319,9,21,9,NoGoal
1320,25,37,7,NoGoal
1321,4,35,5,Goal
1322,7,27,3,Goal
1323,8,40,10,Goal
1324,10,16,14,NoGoal
1325,4,40,10,NoGoal
1326,20,32,2,NoGoal
1327,10,28,2,NoGoal
1328,13,50,20,NoGoal
1329,16,17,13,Goal
1330,8,25,5,Goal
1331,14,39,9,NoGoal
1332,12,33,3,Goal
1333,3,28,2,NoGoal
1334,2,36,6,Goal
1335,8,36,6,Goal
1336,13,26,4,Goal
1337,16,25,5,Goal
1338,18,29,1,Goal
1339,2,29,1,NoGoal
1340,23,35,5,Goal
1341,23,33,3,NoGoal
1342,21,29,1,NoGoal
1343,2,31,1,Goal
1344,13,35,5,Goal
1345,11,24,6,NoGoal
1346,20,25,5,NoGoal
1347,11,19,11,NoGoal
1348,8,29,1,Goal
1349,23,31,1,NoGoal
1350,13,33,3,NoGoal
1351,10,14,16,NoGoal
1352,14,25,5,NoGoal
1353,22,38,8,NoGoal
1354,2,24,6,Goal
1355,1,32,2,Goal
1356,11,33,3,Goal
1357,14,30,0,NoGoal
1358,12,30,0,NoGoal
1359,2,46,16,NoGoal
1360,17,29,1,NoGoal
1361,1,22,8,Goal
1362,23,24,6,Goal
1363,8,34,4,Goal
1364,12,38,8,Goal
1365,6,23,7,Goal
1366,27,35,5,Goal
1367,18,29,1,NoGoal
1368,20,42,12,NoGoal
1369,16,33,3,NoGoal
1370,10,28,2,Goal
1371,24,21,9,NoGoal
1372,21,25,5,NoGoal
1373,17,35,5,NoGoal
1374,17,38,8,Goal
1375,14,27,3,Goal
1376,2,20,10,NoGoal
1377,26,18,12,NoGoal
1378,8,23,7,Goal
1379,8,30,0,Goal
1380,15,33,3,NoGoal
1381,13,26,4,NoGoal
1382,21,30,0,NoGoal
1383,18,32,2,Goal
1384,15,38,8,NoGoal
1385,17,27,3,Goal
1386,22,28,2,NoGoal
1387,6,25,5,NoGoal
1388,14,37,7,Goal
1389,16,20,10,NoGoal
1390,16,34,4,NoGoal
1391,37,35,5,Goal
1392,13,40,10,NoGoal
1393,2,20,10,NoGoal
1394,10,36,6,NoGoal
1395,21,10,20,NoGoal
1396,13,27,3,NoGoal
1397,11,31,1,Goal
1398,29,21,9,NoGoal
1399,12,25,5,Goal
1400,18,41,11,NoGoal
1401,22,29,1,NoGoal
1402,22,39,9,NoGoal
1403,25,24,6,NoGoal
1404,11,23,7,NoGoal
1405,9,29,1,Goal
1406,18,27,3,Goal
1407,2,25,5,Goal
1408,12,29,1,Goal
1409,4,23,7,NoGoal
1410,21,31,1,NoGoal
1411,10,32,2,NoGoal
1412,9,38,8,NoGoal
1413,15,44,14,NoGoal
1414,25,20,10,NoGoal
1415,7,29,1,Goal
1416,22,27,3,NoGoal
1417,11,32,2,NoGoal
1418,22,33,3,NoGoal
1419,7,40,10,NoGoal
1420,13,20,10,Goal
1421,23,31,1,NoGoal
1422,12,24,6,Goal
1423,11,25,5,Goal
1424,11,31,1,NoGoal
1425,18,32,2,NoGoal
1426,5,17,13,NoGoal
1427,10,32,2,Goal
1428,10,41,11,NoGoal
1429,17,33,3,NoGoal
1430,15,28,2,NoGoal
1431,12,15,15,NoGoal
1432,9,24,6,Goal
1433,4,26,4,Goal
1434,19,19,11,NoGoal
1435,18,34,4,NoGoal
1436,16,25,5,Goal
1437,22,52,22,NoGoal
1438,25,32,2,NoGoal
1439,10,28,2,NoGoal
1440,11,33,3,Goal
1441,11,21,9,Goal
1442,2,31,1,Goal
1443,27,45,15,NoGoal
1444,17,36,6,NoGoal
1445,25,26,4,NoGoal
1446,4,37,7,Goal
1447,26,25,5,NoGoal
1448,6,37,7,NoGoal
1449,6,27,3,NoGoal
1450,14,19,11,NoGoal
1451,12,31,1,Goal
1452,16,34,4,Goal
1453,5,27,3,NoGoal
1454,11,32,2,Goal
1455,4,28,2,Goal
1456,7,24,6,Goal
1457,22,27,3,NoGoal
1458,7,35,5,Goal
1459,16,27,3,NoGoal
1460,29,26,4,NoGoal
1461,29,30,0,NoGoal
1462,7,27,3,Goal
1463,18,33,3,NoGoal
1464,6,32,2,Goal
1465,29,39,9,NoGoal
1466,16,32,2,Goal
1467,3,28,2,Goal
1468,9,33,3,NoGoal
1469,6,30,0,Goal
1470,4,28,2,Goal
1471,8,19,11,NoGoal
1472,4,29,1,Goal
1473,19,28,2,NoGoal
1474,7,32,2,Goal
1475,27,34,4,NoGoal
1476,25,33,3,NoGoal
1477,13,33,3,NoGoal
1478,20,30,0,NoGoal
1479,7,28,2,NoGoal
1480,15,24,6,NoGoal
1481,10,26,4,Goal
1482,29,34,4,NoGoal
1483,12,41,11,NoGoal
1484,13,27,3,Goal
1485,20,45,15,NoGoal
1486,14,39,9,NoGoal
1487,5,28,2,Goal
1488,12,29,1,Goal
1489,17,41,11,NoGoal
1490,4,31,1,NoGoal
1491,20,24,6,Goal
1492,29,36,6,NoGoal
1493,11,26,4,NoGoal
1494,14,38,8,Goal
1495,21,34,4,Goal
1496,13,26,4,Goal
1497,7,26,4,Goal
1498,3,27,3,Goal
1499,19,38,8,NoGoal
1500,18,31,1,NoGoal
1501,18,24,6,NoGoal
1502,23,17,13,Goal
1503,24,36,6,NoGoal
1504,24,43,13,NoGoal
1505,20,25,5,NoGoal
1506,8,31,1,Goal
1507,14,39,9,Goal
1508,14,46,16,NoGoal
1509,8,38,8,NoGoal
1510,9,25,5,Goal
1511,16,40,10,NoGoal
1512,15,29,1,NoGoal
1513,29,32,2,Goal
1514,5,27,3,Goal
1515,23,30,0,Goal
1516,22,37,7,Goal
1517,24,48,18,NoGoal
1518,10,39,9,NoGoal
1519,27,35,5,NoGoal
1520,30,35,5,NoGoal
1521,6,34,4,Goal
1522,19,31,1,Goal
1523,16,40,10,NoGoal
1524,17,37,7,NoGoal
1525,1,30,0,Goal
1526,3,30,0,Goal
1527,14,35,5,NoGoal
1528,14,21,9,NoGoal
1529,22,35,5,NoGoal
1530,10,26,4,Goal
1531,10,35,5,Goal
1532,33,25,5,NoGoal
1533,18,15,15,NoGoal
1534,18,33,3,NoGoal
1535,13,37,7,NoGoal
1536,20,36,6,NoGoal
1537,27,27,3,NoGoal
1538,11,25,5,Goal
1539,25,29,1,NoGoal
1540,28,17,13,NoGoal
1541,7,25,5,NoGoal
1542,5,28,2,Goal
1543,8,34,4,Goal
1544,3,24,6,Goal
1545,2,24,6,Goal
1546,4,22,8,Goal
1547,27,27,3,NoGoal
1548,14,37,7,NoGoal
1549,5,28,2,Goal
1550,9,33,3,Goal
1551,11,29,1,NoGoal
1552,4,25,5,Goal
1553,31,17,13,NoGoal
1554,12,30,0,Goal
1555,13,42,12,NoGoal
1556,10,21,9,NoGoal
1557,30,25,5,NoGoal
1558,15,30,0,NoGoal
1559,12,29,1,Goal
1560,12,24,6,NoGoal
1561,19,21,9,NoGoal
1562,36,35,5,Goal
1563,20,31,1,Goal
1564,22,28,2,Goal
1565,7,35,5,Goal
1566,15,26,4,Goal
1567,16,25,5,NoGoal
1568,25,25,5,NoGoal
1569,16,33,3,NoGoal
1570,8,25,5,NoGoal
1571,7,22,8,NoGoal
1572,38,19,11,NoGoal
1573,6,33,3,Goal
1574,9,12,18,NoGoal
1575,25,31,1,Goal
1576,16,37,7,Goal
1577,15,33,3,Goal
1578,31,32,2,NoGoal
1579,3,29,1,Goal
1580,19,28,2,Goal
1581,5,29,1,Goal
1582,8,33,3,NoGoal
1583,9,29,1,Goal
1584,21,34,4,NoGoal
1585,15,13,17,NoGoal
1586,24,37,7,NoGoal
1587,9,20,10,Goal
1588,21,35,5,Goal
1589,32,28,2,NoGoal
1590,13,26,4,NoGoal
1591,26,31,1,NoGoal
1592,19,20,10,NoGoal
1593,3,38,8,Goal
1594,19,22,8,NoGoal
1595,25,33,3,Goal
1596,14,30,0,Goal
1597,22,16,14,NoGoal
1598,2,27,3,Goal
1599,6,28,2,Goal
1600,15,30,0,NoGoal
1601,19,26,4,Goal
1602,3,37,7,NoGoal
1603,9,33,3,NoGoal
1604,18,35,5,Goal
1605,8,34,4,Goal
1606,32,39,9,NoGoal
1607,6,27,3,Goal
1608,2,23,7,Goal
1609,20,30,0,Goal
1610,15,19,11,NoGoal
1611,23,22,8,NoGoal
1612,22,30,0,Goal
1613,14,35,5,Goal
1614,2,34,4,NoGoal
1615,12,29,1,Goal
1616,10,24,6,NoGoal
1617,13,41,11,NoGoal
1618,25,40,10,NoGoal
1619,24,34,4,NoGoal
1620,18,33,3,Goal
1621,6,20,10,NoGoal
1622,14,32,2,Goal
1623,4,29,1,Goal
1624,22,25,5,NoGoal
1625,10,29,1,Goal
1626,11,33,3,NoGoal
1627,21,29,1,NoGoal
1628,9,23,7,Goal
1629,2,18,12,Goal
1630,16,39,9,Goal
1631,7,43,13,Goal
1632,4,21,9,Goal
1633,12,25,5,NoGoal
1634,4,29,1,Goal
1635,17,28,2,Goal
1636,12,32,2,NoGoal
1637,9,38,8,NoGoal
1638,7,30,0,Goal
1639,3,29,1,Goal
1640,3,31,1,Goal
1641,16,27,3,NoGoal
1642,4,36,6,Goal
1643,4,28,2,Goal
1644,12,40,10,NoGoal
1645,14,39,9,NoGoal
1646,10,30,0,Goal
1647,18,24,6,NoGoal
1648,10,35,5,Goal
1649,11,28,2,Goal
1650,4,31,1,Goal
1651,8,26,4,Goal
1652,17,35,5,Goal
1653,8,31,1,Goal
1654,7,33,3,Goal
1655,30,30,0,NoGoal
1656,13,33,3,Goal
1657,24,42,12,NoGoal
1658,10,33,3,Goal
1659,12,29,1,Goal
1660,13,25,5,Goal
1661,20,30,0,NoGoal
1662,23,18,12,NoGoal
1663,28,23,7,NoGoal
1664,26,17,13,NoGoal
1665,19,26,4,NoGoal
1666,4,34,4,Goal
1667,3,37,7,NoGoal
1668,18,23,7,NoGoal
1669,10,21,9,NoGoal
1670,12,21,9,NoGoal
1671,9,31,1,Goal
1672,2,28,2,Goal
1673,6,11,19,NoGoal
1674,21,45,15,NoGoal
1675,13,37,7,Goal
1676,5,24,6,Goal
1677,33,36,6,NoGoal
1678,9,26,4,NoGoal
1679,16,35,5,NoGoal
1680,16,30,0,NoGoal
1681,3,9,21,NoGoal
1682,34,18,12,NoGoal
1683,21,22,8,Goal
1684,23,31,1,Goal
1685,11,21,9,Goal
1686,22,33,3,NoGoal
1687,16,29,1,NoGoal
1688,21,33,3,NoGoal
1689,24,30,0,NoGoal
1690,14,34,4,Goal
1691,5,39,9,Goal
1692,22,38,8,NoGoal
1693,2,40,10,Goal
1694,17,9,21,NoGoal
1695,3,24,6,Goal
1696,8,26,4,Goal
1697,19,31,1,NoGoal
1698,3,35,5,Goal
1699,1,33,3,Goal
1700,23,34,4,Goal
1701,5,26,4,NoGoal
1702,13,27,3,Goal
1703,9,28,2,NoGoal
1704,16,28,2,Goal
1705,17,22,8,NoGoal
1706,2,28,2,Goal
1707,15,18,12,Goal
1708,16,33,3,Goal
1709,20,32,2,Goal
1710,5,30,0,Goal
1711,21,36,6,NoGoal
1712,8,25,5,Goal
1713,19,30,0,Goal
1714,10,34,4,Goal
1715,9,25,5,Goal
1716,8,28,2,NoGoal
1717,24,28,2,Goal
1718,17,32,2,Goal
1719,24,22,8,NoGoal
1720,7,29,1,Goal
1721,15,30,0,NoGoal
1722,10,36,6,Goal
1723,17,35,5,Goal
1724,26,29,1,Goal
1725,10,37,7,NoGoal
1726,17,27,3,NoGoal
1727,14,37,7,Goal
1728,25,25,5,NoGoal
1729,5,28,2,Goal
1730,6,23,7,NoGoal
1731,23,27,3,NoGoal
1732,32,14,16,NoGoal
1733,14,33,3,Goal
1734,21,28,2,NoGoal
1735,24,20,10,NoGoal
1736,7,30,0,Goal
1737,9,30,0,Goal
1738,23,27,3,NoGoal
1739,16,41,11,NoGoal
1740,12,30,0,Goal
1741,4,32,2,NoGoal
1742,18,23,7,NoGoal
1743,19,19,11,NoGoal
1744,19,26,4,NoGoal
1745,19,33,3,Goal
1746,3,33,3,Goal
1747,7,19,11,NoGoal
1748,13,24,6,NoGoal
1749,23,37,7,Goal
1750,14,43,13,NoGoal
1751,9,38,8,NoGoal
1752,16,28,2,Goal
1753,18,24,6,Goal
1754,27,26,4,Goal
1755,24,27,3,NoGoal
1756,23,35,5,Goal
1757,10,35,5,Goal
1758,12,38,8,Goal
1759,18,33,3,Goal
1760,11,28,2,NoGoal
1761,20,26,4,Goal
1762,20,34,4,NoGoal
1763,30,25,5,NoGoal
1764,10,29,1,Goal
1765,16,27,3,Goal
1766,21,28,2,NoGoal
1767,7,40,10,Goal
1768,11,20,10,NoGoal
1769,17,44,14,NoGoal
1770,14,28,2,Goal
1771,11,36,6,Goal
1772,21,25,5,NoGoal
1773,5,33,3,Goal
1774,6,26,4,Goal
1775,25,32,2,Goal
1776,12,28,2,NoGoal
1777,6,27,3,Goal
1778,25,40,10,NoGoal
1779,8,31,1,NoGoal
1780,17,27,3,Goal
1781,22,35,5,NoGoal
1782,20,35,5,NoGoal
1783,5,29,1,Goal
1784,10,32,2,Goal
1785,15,30,0,NoGoal
1786,17,27,3,Goal
1787,14,23,7,Goal
1788,31,19,11,NoGoal
1789,21,21,9,NoGoal
1790,2,31,1,Goal
1791,17,8,22,NoGoal
1792,17,27,3,NoGoal
1793,10,33,3,NoGoal
1794,14,30,0,Goal
1795,24,27,3,NoGoal
1796,10,26,4,Goal
1797,18,27,3,Goal
1798,20,35,5,Goal
1799,18,26,4,NoGoal
1800,11,26,4,Goal
1801,17,30,0,NoGoal
1802,7,26,4,Goal